mes,Tableta 70% Cacao 100g,Bombones Caja x6,Tableta de Regalo 150g
2024-01-01,862.1886831901772,407.1501653351068,316.97283907679736
2024-02-01,814.4006357503802,413.4359934853531,304.68947673722226
2024-03-01,892.0180478322583,443.96927556660046,313.2279849672496
2024-04-01,905.6225886556485,442.96332193092235,324.78220564596353
2024-05-01,975.9585924538466,708.3819783478797,595.5711045036084
2024-06-01,827.9128197255072,452.92463009023646,307.0082195910675
2024-07-01,1031.1136161266913,598.2494280261138,366.2406836426801
2024-08-01,879.3502963062567,435.80754950846153,305.02805379391646
2024-09-01,897.3279536998284,436.6327181278539,317.1214437193329
2024-10-01,869.8782428970568,431.5868181525637,364.3735327808599
2024-11-01,1205.175918994513,858.4793826772649,728.3542221076689
2024-12-01,1207.111677417158,877.8691687816267,777.206958864787
2025-01-01,924.6412279024487,464.58157627035376,293.92825570960485
2025-02-01,973.0896482787214,446.79530569112416,330.6278742503556
2025-03-01,952.7003736900818,451.2655635292628,346.0688266276251
2025-04-01,905.6283014846705,499.517783634741,359.655558283982
2025-05-01,1140.7500313633,766.2976251361033,685.7806644948214
2025-06-01,913.64469596684,504.29462804915585,370.83368087999816
2025-07-01,1133.1380120522908,562.0347087813392,405.28187319378907
2025-08-01,962.0029635605499,502.9648396920016,345.4412051833858
2025-09-01,962.6055054581896,503.50057427422183,381.4493970314288
2025-10-01,948.7628182238424,510.5606579018704,358.21739187795964
2025-11-01,1290.9016535469611,914.1428633384457,754.1078419165519
2025-12-01,1241.818820717248,898.7078664632405,760.667819649913
